Ticker,Last_Update,Earliest_Record,Name
SHV,,,iShares Short Treasury Bond ETF
SHY,,,iShares 1-3 Year Treasury Bond ETF
IEF,,,iShares 7-10 Year Treasury Bond ETF
TLT,,,iShares 20+ Year Treasury Bond ETF
GOVT,,,iShares U.S. Treasury Bond ETF
BIL,,,SPDR Barclays 1-3 Month T-Bill ETF
IEI,,,iShares 3-7 Year Treasury Bond ETF
VGSH,,,Vanguard Short-Term Treasury ETF
SCHO,,,Schwab Short-Term U.S. Treasury ETF
VGIT,,,Vanguard Intermediate-Term Treasury ETF
SCHR,,,Schwab Intermediate-Term U.S. Treasury ETF
SPTS,,,SPDR Portfolio Short Term Treasury ETF
GBIL,,,Goldman Sachs Treasury Access 0-1 Year ETF
SPTL,,,SPDR Portfolio Long Term Treasury ETF
VGLT,,,Vanguard Long-Term Treasury ETF
EDV,,,Vanguard Ext Duration Treasury ETF
SPTI,,,SPDR Portfolio Intermediate Term Treasury ETF
TLH,,,iShares 10-20 Year Treasury Bond ETF
CLTL,,,Invesco Treasury Collateral ETF
TBT,,,UltraShort Barclays 20+ Year Treasury
ZROZ,,,PIMCO 25+ Year Zero Coupon US Treasury Index Fund
TBF,,,ProShares Short 20+ Year Treasury
TMF,,,Direxion Daily 20-Year Treasury Bull 3X
PLW,,,Invesco 1-30 Laddered Treasury ETF
TMV,,,Direxion Daily 20-Year Treasury Bear 3X
PTBD,,,Pacer Trendpilot US Bond ETF
WBII,,,WBI Bull|Bear Global Income ETF
SCHQ,,,Schwab Long-Term U.S. Treasury ETF
UST,,,ProShares Ultra 7-10 Year Treasury
PST,,,UltraShort Barclays 7-10 Year Treasury
UBT,,,ProShares Ultra 20+ Year Treasury
TTT,,,UltraPro Short 20+ Year Treasury
TBX,,,ProShares Short 7-10 Year Treasury
TYD,,,Direxion Daily 7-10 Year Treasury Bull 3X
IBTF,,,iShares iBonds Dec 2025 Term Treasury ETF
IBTG,,,iShares iBonds Dec 2026 Term Treasury ETF
IBTD,,,iShares iBonds Dec 2023 Term Treasury ETF
IBTE,,,iShares iBonds Dec 2024 Term Treasury ETF
IBTJ,,,iShares iBonds Dec 2029 Term Treasury ETF
TYO,,,Direxion Daily 7-10 Year Treasury Bear 3X
DTYS,,,iPath US Treasury 10-year Bear Exchange Traded Note
HYTR,,,CP High Yield Trend ETF
IBTH,,,iShares iBonds Dec 2027 Term Treasury ETF
DTUL,,,iPath US Treasury 2-year Bull Exchange Traded Note
DTYL,,,iPath US Treasury 10-year Bull Exchange Traded Note
DFVL,,,iPath US Treasury 5-year Bull ETN
RISE,,,Sit Rising Rate ETF
STPP,,,iPath US Treasury Steepener Exchange Traded Note
FLAT,,,iPath US Treasury Flattener Exchange Traded Note
TAPR,,,Barclays Inverse U.S. Treasury Aggregate ETN
IBTB,,,iShares iBonds Dec 2022 Term Treasury ETF
IBTA,,,iShares iBonds Dec 2021 Term Treasury ETF
IBTI,,,iShares iBonds Dec 2028 Term Treasury ETF
DFVS,,,iPath US Treasury 5-year Bear ETN
TYBS,,,Direxion Daily 20+ Year Treasury Bear 1x Shares
DTUS,,,iPath US Treasury 2-year Bear Exchange Traded Note
DLBL,,,iPath US Treasury Long Bond Bull Exchange Traded Note
